Workbook

Sheet htn_control_targets_by_loc
A1: location | B1: htncov2 | C1: htncov2_aspirational | D1: htncov2_ambitious | E1: htncov2_progress | F1: htn_ctrl_diabetes | G1: control_rate_program | H1: control_rate_bau_upper | I1: control_rate_bau_conservative
A2: Afghanistan | B2: 0.12488202 | C2: 0.5 | D2: 0.17577653 | E2: 0.15450263 | F2: 0.27488202 | G2: =IFERROR(VLOOKUP($A2,Sheet1!$A$1:$D$29,2,0),"") | H2: =IFERROR(VLOOKUP($A2,Sheet1!$A$1:$D$29,3,0),"") | I2: =IFERROR(VLOOKUP($A2,Sheet1!$A$1:$D$29,4,0),"")
A3: Albania | B3: 0.068413228 | C3: 0.5 | D3: 0.11930774 | E3: 0.098033836 | F3: 0.21841323 | G3: =IFERROR(VLOOKUP($A3,Sheet1!$A$1:$D$29,2,0),"") | H3: =IFERROR(VLOOKUP($A3,Sheet1!$A$1:$D$29,3,0),"") | I3: =IFERROR(VLOOKUP($A3,Sheet1!$A$1:$D$29,4,0),"")
A4: Algeria | B4: 0.13800483 | C4: 0.5 | D4: 0.18889934 | E4: 0.16762543 | F4: 0.28800483 | G4: =IFERROR(VLOOKUP($A4,Sheet1!$A$1:$D$29,2,0),"") | H4: =IFERROR(VLOOKUP($A4,Sheet1!$A$1:$D$29,3,0),"") | I4: =IFERROR(VLOOKUP($A4,Sheet1!$A$1:$D$29,4,0),"")
A5: American Samoa | B5: 0.097576806 | C5: 0.5 | D5: 0.14847132 | E5: 0.12719741 | F5: 0.24757681 | G5: =IFERROR(VLOOKUP($A5,Sheet1!$A$1:$D$29,2,0),"") | H5: =IFERROR(VLOOKUP($A5,Sheet1!$A$1:$D$29,3,0),"") | I5: =IFERROR(VLOOKUP($A5,Sheet1!$A$1:$D$29,4,0),"")
A6: Andorra | B6: 0.30800619 | C6: 0.5 | D6: 0.35890071 | E6: 0.3376268 | F6: 0.45800619 | G6: =IFERROR(VLOOKUP($A6,Sheet1!$A$1:$D$29,2,0),"") | H6: =IFERROR(VLOOKUP($A6,Sheet1!$A$1:$D$29,3,0),"") | I6: =IFERROR(VLOOKUP($A6,Sheet1!$A$1:$D$29,4,0),"")
A7: Angola | B7: 0.10729056 | C7: 0.5 | D7: 0.15818507 | E7: 0.13691116 | F7: 0.25729056 | G7: =IFERROR(VLOOKUP($A7,Sheet1!$A$1:$D$29,2,0),"") | H7: =IFERROR(VLOOKUP($A7,Sheet1!$A$1:$D$29,3,0),"") | I7: =IFERROR(VLOOKUP($A7,Sheet1!$A$1:$D$29,4,0),"")
A8: Antigua and Barbuda | B8: 0.20336407 | C8: 0.5 | D8: 0.25425859 | E8: 0.23298468 | F8: 0.35336407 | G8: =IFERROR(VLOOKUP($A8,Sheet1!$A$1:$D$29,2,0),"") | H8: =IFERROR(VLOOKUP($A8,Sheet1!$A$1:$D$29,3,0),"") | I8: =IFERROR(VLOOKUP($A8,Sheet1!$A$1:$D$29,4,0),"")
A9: Argentina | B9: 0.12363865 | C9: 0.5 | D9: 0.17453317 | E9: 0.15325926 | F9: 0.27363865 | G9: =IFERROR(VLOOKUP($A9,Sheet1!$A$1:$D$29,2,0),"") -> 0.32210414 | H9: =IFERROR(VLOOKUP($A9,Sheet1!$A$1:$D$29,3,0),"") -> 0 | I9: =IFERROR(VLOOKUP($A9,Sheet1!$A$1:$D$29,4,0),"") -> 0.12363865
A10: Armenia | B10: 0.080842912 | C10: 0.5 | D10: 0.13173743 | E10: 0.11046352 | F10: 0.23084291 | G10: =IFERROR(VLOOKUP($A10,Sheet1!$A$1:$D$29,2,0),"") | H10: =IFERROR(VLOOKUP($A10,Sheet1!$A$1:$D$29,3,0),"") | I10: =IFERROR(VLOOKUP($A10,Sheet1!$A$1:$D$29,4,0),"")
A11: Australia | B11: 0.25152593 | C11: 0.5 | D11: 0.30242044 | E11: 0.28114653 | F11: 0.40152593 | G11: =IFERROR(VLOOKUP($A11,Sheet1!$A$1:$D$29,2,0),"") | H11: =IFERROR(VLOOKUP($A11,Sheet1!$A$1:$D$29,3,0),"") | I11: =IFERROR(VLOOKUP($A11,Sheet1!$A$1:$D$29,4,0),"")
A12: Austria | B12: 0.27425232 | C12: 0.5 | D12: 0.32514684 | E12: 0.30387293 | F12: 0.42425232 | G12: =IFERROR(VLOOKUP($A12,Sheet1!$A$1:$D$29,2,0),"") | H12: =IFERROR(VLOOKUP($A12,Sheet1!$A$1:$D$29,3,0),"") | I12: =IFERROR(VLOOKUP($A12,Sheet1!$A$1:$D$29,4,0),"")
A13: Azerbaijan | B13: 0.11381298 | C13: 0.5 | D13: 0.16470749 | E13: 0.14343359 | F13: 0.26381298 | G13: =IFERROR(VLOOKUP($A13,Sheet1!$A$1:$D$29,2,0),"") | H13: =IFERROR(VLOOKUP($A13,Sheet1!$A$1:$D$29,3,0),"") | I13: =IFERROR(VLOOKUP($A13,Sheet1!$A$1:$D$29,4,0),"")
... A192: Zimbabwe | B192: 0.15091338 | C192: 0.5 | D192: 0.20180789 | E192: 0.18053398 | F192: 0.30091338 | G192: =IFERROR(VLOOKUP($A192,Sheet1!$A$1:$D$29,2,0),"") | H192: =IFERROR(VLOOKUP($A192,Sheet1!$A$1:$D$29,3,0),"") | I192: =IFERROR(VLOOKUP($A192,Sheet1!$A$1:$D$29,4,0),"")

Sheet Sheet1
A1: location | B1: control_rate_program | C1: control_rate_bau_upper | D1: control_rate_bau_conservative
A2: Argentina | B2: 0.32210414 | C2: 0 | D2: 0.12363865
A3: Bangladesh | B3: 0.38969151 | C3: 0 | D3: 0.14392581
A4: Bermuda | B4: 0 | C4: 0 | D4: 0
A5: Bolivia | B5: 0.62757243 | C5: 0 | D5: 0.22199985
A6: Chile | B6: 0.41239658 | C6: 0 | D6: 0.28943374
A7: China | B7: 0.02851875 | C7: 0 | D7: 0.02851875
A8: Colombia | B8: 0 | C8: 0 | D8: 0
A9: Cuba | B9: 0.29116375 | C9: 0 | D9: 0.29116375
A10: Dominican Republic | B10: 0.39576513 | C10: 0 | D10: 0.19494837
A11: Ecuador | B11: 0.81897143 | C11: 0 | D11: 0.22562758
A12: El Salvador | B12: 0.71808457 | C12: 0 | D12: 0.31877542
A13: Ethiopia | B13: 0.360019 | C13: 0 | D13: 0.060184512
... A29: Viet Nam | B29: 0.19466484 | C29: 0 | D29: 0.11822399
